Spending,Income,State,Dependents,Loan Amount,Work Ex,Age,Tax,Gender,Unemployment Rate
8027,140907,Washington,2,6699,20,27,28%,F,4.90%
8151,189653,Arizona,3,47402,9,45,23%,M,5.90%
12415,176773,Nevada,8,5455,23,45,25%,M,6.30%
18005,112169,California,3,15396,17,28,35%,F,2.60%
4125,58335,Washington,2,22004,16,44,28%,M,4.90%
10046,86865,Oregon,0,1922,14,26,20%,F,8.70%
10395,162688,Oregon,1,16795,23,50,20%,F,8.70%
3903,155589,Arizona,4,12791,4,38,23%,F,5.90%
7676,175085,Oregon,4,44171,25,28,20%,F,8.70%
2972,161911,Oregon,7,39017,14,53,20%,F,8.70%
4375,50798,California,,23252,9,50,35%,M,2.60%
8270,106796,California,7,34563,4,27,35%,F,2.60%
2507,184659,California,2,24059,2,60,35%,F,2.60%
5349,82609,Arizona,7,31139,1,53,23%,F,5.90%
4681,72032,California,1,,6,27,35%,M,2.60%
16513,176743,Oregon,8,6133,14,33,20%,M,8.70%
8188,166105,Nevada,6,44377,11,52,25%,M,6.30%
10851,167292,California,5,16289,21,49,35%,M,2.60%
3925,68859,Oregon,8,19736,1,54,20%,F,8.70%
13804,149605,California,7,,18,29,35%,M,2.60%
14721,163473,Oregon,3,16127,21,38,20%,M,8.70%
18476,100020,Washington,1,2862,1,53,28%,F,4.90%
11657,94386,Arizona,0,30895,7,29,23%,M,5.90%
2809,154191,Nevada,4,30775,22,59,25%,F,6.30%
18793,194068,California,2,8097,22,32,35%,F,2.60%
4076,66193,Oregon,8,27317,,27,20%,F,8.70%
8068,138242,California,5,5398,13,38,35%,F,2.60%
1606,66240,Washington,6,23215,25,53,28%,,4.90%
6193,118226,Arizona,0,45686,13,48,23%,M,5.90%
3098,54830,Oregon,8,43619,17,59,20%,F,8.70%
18807,187513,Arizona,6,24886,,28,23%,F,5.90%
10507,163286,Nevada,3,36059,1,26,25%,F,6.30%
17826,69724,California,6,24644,8,53,35%,M,2.60%
10289,55466,Washington,5,47759,5,32,28%,M,4.90%
9190,159082,Oregon,2,24841,,26,20%,M,8.70%
5097,172676,Arizona,4,23692,21,42,23%,M,5.90%
5194,197190,California,2,40264,7,,35%,F,2.60%
17569,170392,Oregon,4,46105,22,29,20%,M,
10278,60207,Oregon,1,11315,18,47,20%,M,8.70%
11879,86698,Arizona,4,2237,6,37,23%,F,5.90%
12090,100018,Nevada,,33372,3,,25%,M,6.30%
5871,61569,Oregon,4,5324,23,34,20%,F,8.70%
5296,151761,California,8,24439,7,28,35%,F,2.60%
2910,101841,Arizona,5,17137,2,25,23%,F,5.90%
3682,128180,Washington,5,24481,1,52,28%,F,4.90%
13706,141270,Oregon,8,,15,46,20%,F,8.70%
1308,129597,Arizona,3,19777,22,51,23%,M,5.90%
4259,92119,Oregon,7,20981,12,54,20%,F,8.70%
2208,185714,California,0,26670,1,,35%,F,2.60%
15519,148809,Arizona,3,25894,23,57,23%,F,5.90%
19734,131133,Oregon,4,18762,3,44,20%,M,8.70%
7625,96763,California,7,,21,28,35%,,2.60%
3365,168672,Nevada,6,5442,24,50,25%,M,6.30%
6564,93578,Washington,3,2379,11,51,28%,M,4.90%
18432,79840,California,8,36214,3,44,35%,F,2.60%
11968,154034,Arizona,4,,4,39,23%,M,5.90%
9351,142437,California,2,33796,5,,35%,M,
7145,65654,Arizona,5,11746,9,49,23%,F,5.90%
10046,133908,Oregon,5,29647,21,52,20%,M,8.70%
13562,179198,Oregon,3,13553,21,30,20%,,8.70%
10293,195493,Arizona,7,3081,3,25,23%,F,5.90%
13981,60632,California,1,47638,15,49,35%,F,2.60%
18190,58160,Oregon,5,21405,23,40,20%,F,8.70%
11465,50027,California,7,40152,7,26,35%,F,2.60%
15098,171243,Arizona,4,2608,6,50,23%,M,5.90%
14751,190911,Washington,1,9233,22,32,28%,F,4.90%
6336,107221,Oregon,5,,19,,20%,F,8.70%
3490,191939,Arizona,2,22543,22,26,23%,F,5.90%
19384,85348,Oregon,4,10990,7,52,20%,M,8.70%
14397,154653,California,0,5474,18,55,35%,M,2.60%
16241,109291,Oregon,1,27191,20,27,20%,M,8.70%
12407,52409,Oregon,8,38331,17,52,20%,M,8.70%
9377,94688,Oregon,5,5284,17,57,20%,F,8.70%
10998,78340,Oregon,4,18830,11,,20%,M,8.70%
4606,175128,Oregon,5,4716,3,54,20%,M,8.70%
19742,147269,Oregon,6,22186,5,39,20%,F,8.70%
11073,157577,Oregon,0,46350,14,40,20%,M,8.70%
6222,164609,Nevada,8,,13,48,25%,F,
17865,134036,Washington,7,34036,21,25,28%,F,4.90%
4623,170565,California,0,39479,5,57,35%,F,2.60%
4067,110461,California,3,8219,25,25,35%,F,2.60%
9777,138127,California,1,26546,9,45,35%,F,2.60%
19805,86006,California,6,46747,6,27,35%,M,2.60%
9333,102369,Nevada,1,,18,,25%,F,6.30%
13347,108077,Oregon,3,36289,19,31,20%,F,8.70%
19394,153255,Washington,3,25521,17,53,28%,F,4.90%
6792,198130,California,7,15011,24,60,35%,M,2.60%
16490,149481,California,0,30524,19,55,35%,M,2.60%
9632,191204,Oregon,1,39562,14,37,20%,M,8.70%
16563,111990,California,8,23369,20,36,35%,M,2.60%
12064,149329,Oregon,0,21090,18,44,20%,F,8.70%
10033,172672,Washington,2,10182,6,,28%,M,4.90%
16341,185689,Oregon,5,11545,25,46,20%,M,8.70%
16909,196862,Oregon,5,26848,20,30,20%,F,8.70%
7645,149465,California,8,25555,22,39,35%,M,2.60%
9271,153143,Oregon,4,768,10,36,20%,F,8.70%
6148,104661,Arizona,2,32579,20,41,23%,F,5.90%
14272,101772,California,5,14395,7,48,35%,F,2.60%
10811,141995,Arizona,4,31176,14,45,23%,F,5.90%
1416,96135,Oregon,2,25487,7,39,20%,F,8.70%
9247,64855,California,3,43665,24,27,35%,M,2.60%
17403,180509,California,4,47347,24,52,35%,F,2.60%
8551,125199,Oregon,1,9488,8,49,20%,F,8.70%
19177,159546,California,4,4493,22,38,35%,F,2.60%
2265,133802,California,1,32436,18,50,35%,M,2.60%
9170,73051,Oregon,5,38410,1,51,20%,M,8.70%
5054,51546,California,2,12814,11,53,35%,M,2.60%
3513,101622,Oregon,4,29522,5,35,20%,M,8.70%
18700,180057,California,8,32645,8,49,35%,F,2.60%
10293,120875,Oregon,3,15671,21,57,20%,M,8.70%
8076,170200,California,7,49809,16,46,35%,M,2.60%
10224,100301,Washington,2,34700,20,52,28%,F,4.90%
13964,62668,Arizona,6,19971,12,38,23%,M,5.90%
2381,152220,Oregon,4,30298,13,50,20%,F,8.70%
12208,117058,Washington,0,48955,19,38,28%,F,4.90%
11086,146054,California,8,7543,15,31,35%,F,2.60%
4030,154036,Oregon,8,43738,13,52,20%,F,8.70%
9855,50449,Arizona,2,1726,19,43,23%,F,5.90%
7604,134753,California,6,20246,20,51,35%,M,2.60%
16905,127110,California,8,3703,19,44,35%,F,2.60%
15162,158696,Washington,5,7484,19,41,28%,F,4.90%
16030,166840,California,6,27474,16,34,35%,F,2.60%
19599,173500,Oregon,3,4801,15,45,20%,M,8.70%
16581,97658,California,1,7187,2,51,35%,M,2.60%
2766,196250,Nevada,3,40304,0,28,25%,M,6.30%
13195,144980,Oregon,3,34657,22,60,20%,M,8.70%
17935,111860,Oregon,7,3041,18,42,20%,F,8.70%
2561,101022,Arizona,6,34150,3,25,23%,M,5.90%
18315,73569,Oregon,3,11718,0,53,20%,M,8.70%
13353,89321,Washington,6,43084,19,56,28%,F,4.90%
15269,183663,Arizona,3,13176,1,44,23%,M,5.90%
15767,175314,Nevada,6,14465,4,45,25%,F,6.30%
14708,196887,Oregon,1,14876,23,56,20%,F,8.70%
17863,66534,Arizona,7,28032,7,47,23%,F,5.90%
3242,196419,Arizona,6,44988,20,35,23%,F,5.90%
6606,58688,Arizona,4,36778,2,36,23%,F,5.90%
5852,156317,Oregon,4,45452,4,40,20%,M,8.70%
8490,149521,Washington,1,4858,3,31,28%,F,4.90%
8424,172406,Oregon,6,4475,15,34,20%,F,8.70%
15286,146164,Arizona,1,43078,18,50,23%,F,5.90%
15400,130516,Oregon,4,33442,11,51,20%,M,8.70%
15564,136501,Arizona,0,23780,25,41,23%,M,5.90%
16200,68242,California,2,8791,17,42,35%,M,2.60%
14030,86149,Washington,8,6882,11,26,28%,M,4.90%
17126,87053,Oregon,4,17267,23,39,20%,F,8.70%
13150,84599,Nevada,5,45474,9,34,25%,M,6.30%
12647,57260,California,4,9809,9,25,35%,M,2.60%
11355,52916,Arizona,0,26687,5,60,23%,F,5.90%
7880,162527,Arizona,1,43673,5,40,23%,M,5.90%
15092,58206,Oregon,3,39883,11,48,20%,F,8.70%
16946,102594,Washington,0,5057,7,53,28%,F,4.90%
19745,176519,Washington,3,30147,19,45,28%,F,4.90%
4548,192297,Arizona,2,8999,20,45,23%,F,5.90%
3913,149712,Arizona,3,43477,6,26,23%,F,5.90%
12007,119475,California,7,29114,19,43,35%,M,2.60%
2960,65955,California,7,40199,18,50,35%,F,2.60%
11598,152875,Oregon,0,22213,25,41,20%,F,8.70%
17425,73974,Oregon,6,14749,23,47,20%,F,8.70%
12482,196230,Arizona,2,33355,16,35,23%,M,5.90%
16973,101412,Arizona,0,28289,4,41,23%,M,5.90%
1996,145317,California,8,13071,13,58,35%,M,2.60%
16244,142200,Washington,8,6994,10,25,28%,M,4.90%
1603,127787,California,8,47703,20,42,35%,F,2.60%
14394,136862,Washington,6,19038,8,33,28%,M,4.90%
9461,168237,California,8,25928,14,51,35%,M,2.60%
19162,172192,Oregon,8,38319,0,49,20%,F,8.70%
2173,69388,California,5,4957,17,26,35%,M,2.60%
7448,93487,California,6,13970,4,59,35%,F,2.60%
17273,190777,Oregon,2,49977,19,52,20%,F,8.70%
10774,153938,California,5,2874,9,38,35%,F,2.60%
17019,61781,California,3,30572,1,37,35%,F,2.60%
9986,190797,Oregon,2,49304,21,29,20%,F,8.70%
16134,106118,Nevada,8,35622,5,55,25%,M,6.30%
17645,89523,Nevada,4,15372,9,28,25%,F,6.30%
18621,59377,California,1,25628,11,31,35%,F,2.60%
14060,164568,California,1,1692,8,30,35%,F,2.60%
12670,93552,Washington,8,33380,13,52,28%,M,4.90%
11528,171196,Arizona,2,8727,20,31,23%,M,5.90%
6879,163726,Washington,3,24497,11,27,28%,M,4.90%
16284,161627,California,3,44755,10,48,35%,M,2.60%
8716,77746,California,5,1008,0,38,35%,F,2.60%
16272,105614,Nevada,2,46931,14,44,25%,M,6.30%
4518,166538,Oregon,0,34518,16,54,20%,M,8.70%
3759,81157,Nevada,6,49465,7,26,25%,F,6.30%
3427,111752,California,4,9802,17,35,35%,M,2.60%
15739,179314,California,0,28330,24,45,35%,F,2.60%
11557,56923,California,8,46431,25,51,35%,F,2.60%
14430,194605,Arizona,6,26242,4,45,23%,F,5.90%
19915,135121,California,5,5520,9,46,35%,F,2.60%
2499,167758,Oregon,0,37322,10,33,20%,F,8.70%
15141,136123,California,2,5959,17,37,35%,M,2.60%
11646,167999,California,0,19911,8,54,35%,F,2.60%
4827,162191,California,5,1113,16,26,35%,F,2.60%
9075,165283,Oregon,2,28724,6,49,20%,F,8.70%
3426,142411,Arizona,3,41387,7,60,23%,M,5.90%
9022,189124,Washington,1,22182,22,53,28%,M,4.90%
13376,123806,Oregon,4,40797,23,48,20%,M,8.70%
4935,137706,Oregon,6,29266,21,31,20%,M,8.70%
6537,122280,Washington,8,23477,19,46,28%,F,4.90%
19530,110153,California,8,39966,2,48,35%,M,2.60%
17159,122943,California,4,41250,6,57,35%,M,2.60%
13933,119478,Nevada,5,2818,13,50,25%,F,6.30%
1204,169596,Arizona,0,33117,14,26,23%,M,5.90%
4239,51920,California,1,23269,13,50,35%,F,2.60%
2918,138579,California,4,8672,20,49,35%,F,2.60%
3811,142458,California,6,44683,5,40,35%,F,2.60%
15491,79810,California,6,18327,3,34,35%,F,2.60%
2315,130044,California,6,34550,4,56,35%,F,2.60%
16013,178620,Oregon,7,27871,11,59,20%,M,8.70%
11550,72447,Washington,0,7401,25,35,28%,F,4.90%
3366,83499,California,2,6119,19,49,35%,F,2.60%
19431,67815,California,1,9434,12,48,35%,F,2.60%
10470,83012,Washington,6,18025,12,28,28%,M,4.90%
13605,111499,California,4,48873,11,42,35%,M,2.60%
15040,108260,Arizona,3,35326,23,49,23%,M,5.90%
10100,182355,Oregon,0,34035,9,32,20%,M,8.70%
16415,137100,Oregon,5,16954,9,43,20%,F,8.70%
7502,195803,Oregon,3,25985,19,30,20%,M,8.70%
1342,127978,Washington,5,5592,20,36,28%,M,4.90%
2479,69754,California,6,25680,4,50,35%,F,2.60%
8534,112314,Oregon,8,41581,5,32,20%,M,8.70%
19952,64016,California,3,3547,10,37,35%,F,2.60%
8234,71271,Nevada,8,33389,10,40,25%,F,6.30%
9613,82495,Washington,6,36284,23,38,28%,F,4.90%
19318,122038,Oregon,7,31544,13,28,20%,F,8.70%
14901,172486,Oregon,3,37416,23,49,20%,F,8.70%
11580,148647,Nevada,4,35472,20,35,25%,M,6.30%
15278,188130,Nevada,6,15157,17,33,25%,F,6.30%
13301,146032,Arizona,5,3388,25,60,23%,F,5.90%
9876,123215,California,7,11804,22,28,35%,F,2.60%
9789,69263,Arizona,4,25321,21,39,23%,M,5.90%
3662,127158,Arizona,5,28694,23,54,23%,M,5.90%
11178,189392,Arizona,6,44145,11,30,23%,M,5.90%
19024,51833,Oregon,6,18613,10,46,20%,M,8.70%
8568,157736,Arizona,6,14021,0,46,23%,F,5.90%
17138,96565,California,8,4670,8,47,35%,M,2.60%
12667,98207,California,3,12634,14,25,35%,M,2.60%
18486,150335,Washington,4,30289,12,35,28%,F,4.90%
2383,80808,Washington,5,19444,5,27,28%,M,4.90%
7279,186027,Washington,3,34253,14,50,28%,F,4.90%
12069,76921,Nevada,3,1382,8,54,25%,F,6.30%
16248,159994,Arizona,5,42673,0,57,23%,F,5.90%
13006,127450,Oregon,4,15439,9,42,20%,F,8.70%
16366,82239,California,2,43617,14,46,35%,F,2.60%
16911,50286,California,2,32124,15,25,35%,M,2.60%
11337,144184,California,6,13530,24,59,35%,F,2.60%
17899,94893,Arizona,0,20486,9,41,23%,F,5.90%
8245,59783,Arizona,7,11299,10,27,23%,F,5.90%
9960,130679,Oregon,8,2519,16,45,20%,M,8.70%
14515,169975,California,1,42052,14,41,35%,M,2.60%
2504,188077,Arizona,4,5190,10,46,23%,M,5.90%
12354,118419,Nevada,5,48277,9,46,25%,M,6.30%
3433,90396,Arizona,4,25493,19,37,23%,F,5.90%
8891,138444,Washington,3,39894,12,33,28%,M,4.90%
19848,85142,Oregon,8,13399,1,35,20%,M,8.70%
3065,65739,Nevada,7,30692,3,32,25%,F,6.30%
1704,139238,Oregon,3,31122,18,40,20%,M,8.70%
1471,57151,California,0,20373,23,46,35%,F,2.60%
1368,172629,Washington,3,48260,3,32,28%,F,4.90%
8623,135177,Oregon,4,31108,18,29,20%,F,8.70%
10439,95735,California,6,35631,23,29,35%,F,2.60%
9231,165681,California,6,33859,13,52,35%,F,2.60%
16873,159531,Arizona,7,29787,11,58,23%,M,5.90%
3660,99033,Arizona,0,45503,11,36,23%,F,5.90%
6979,86314,California,3,43616,24,41,35%,F,2.60%
10087,190167,Oregon,5,17056,5,53,20%,F,8.70%
1235,99334,Arizona,3,34900,18,41,23%,M,5.90%
11466,135491,Arizona,6,23482,17,54,23%,M,5.90%
13135,182895,California,3,33355,5,32,35%,M,2.60%
7597,107174,Arizona,0,47071,2,45,23%,M,5.90%
15665,158512,Nevada,5,47781,20,51,25%,F,6.30%
16213,195868,Washington,0,14073,2,58,28%,M,4.90%
17208,114617,Oregon,6,41977,8,43,20%,M,8.70%
1480,64725,Arizona,8,37442,11,30,23%,F,5.90%
15174,82295,Washington,5,34943,20,48,28%,M,4.90%
7127,113562,Oregon,2,4349,3,30,20%,F,8.70%
3436,192171,Arizona,4,8527,21,57,23%,F,5.90%
17975,144743,Arizona,7,43602,19,42,23%,F,5.90%
13217,164937,California,6,46514,19,49,35%,F,2.60%
5252,179158,Oregon,6,26587,1,39,20%,F,8.70%
4625,162205,Nevada,6,10359,21,54,25%,M,6.30%
5921,100236,California,3,37801,2,45,35%,F,2.60%
2616,156826,Nevada,4,24206,20,60,25%,F,6.30%
17367,138508,Washington,7,34276,19,35,28%,F,4.90%
11737,131304,Washington,6,26327,14,32,28%,M,4.90%
7342,156867,Arizona,3,1101,14,29,23%,M,5.90%
7861,66503,Arizona,0,31074,16,46,23%,M,5.90%
8671,146159,California,3,36497,20,51,35%,M,2.60%
9845,136687,California,2,31609,6,34,35%,F,2.60%
17399,106191,Washington,0,35815,4,38,28%,M,4.90%
14415,197406,Oregon,8,15055,16,51,20%,M,8.70%
2959,113285,California,1,29616,6,40,35%,F,2.60%
4446,58693,Oregon,7,31882,9,47,20%,M,8.70%
13203,161535,Arizona,3,46786,16,57,23%,F,5.90%
12273,136469,Oregon,3,29333,23,56,20%,F,8.70%
16587,101012,Arizona,0,31051,19,31,23%,F,5.90%
2340,164696,California,8,46330,1,31,35%,F,2.60%
6809,114779,Washington,0,7435,20,59,28%,F,4.90%
6462,94011,Arizona,4,38909,17,56,23%,M,5.90%
1280,55353,Oregon,6,40531,1,30,20%,F,8.70%
13844,188776,California,5,1515,14,31,35%,F,2.60%
11114,90738,Nevada,5,33406,18,50,25%,F,6.30%
18439,116747,Oregon,0,49598,14,49,20%,M,8.70%
5459,64361,Washington,0,22276,1,60,28%,M,4.90%
8116,180523,Oregon,0,44174,4,41,20%,M,8.70%
14037,132010,Washington,7,36822,2,34,28%,M,4.90%
13533,55801,California,1,45523,12,39,35%,F,2.60%
6279,133598,Oregon,6,6592,1,57,20%,M,8.70%
9342,196778,Oregon,7,41107,14,50,20%,M,8.70%
4627,191536,California,0,43514,4,26,35%,F,2.60%
2084,120785,Oregon,1,36119,9,31,20%,M,8.70%
18857,116886,Oregon,0,33334,5,53,20%,F,8.70%
13785,177869,California,6,23713,22,53,35%,F,2.60%
5659,114188,Oregon,1,43128,8,36,20%,F,8.70%
13984,199460,Oregon,0,17528,20,29,20%,F,8.70%
16048,142251,Oregon,3,21360,22,32,20%,F,8.70%
13421,59416,Oregon,1,13104,5,60,20%,M,8.70%
5597,126555,California,4,10393,3,31,35%,F,2.60%
14905,63125,California,0,10953,9,41,35%,F,2.60%
7151,107890,California,0,8347,0,46,35%,F,2.60%
6761,63735,Arizona,2,36481,8,35,23%,M,5.90%
6313,58086,Arizona,6,16896,11,38,23%,M,5.90%
7058,79106,Oregon,4,31947,5,55,20%,M,8.70%
13760,59692,California,2,17896,12,25,35%,M,2.60%
15283,109062,California,3,33091,1,31,35%,F,2.60%
14068,178519,California,1,44622,14,58,35%,M,2.60%
14447,152628,Nevada,3,11347,14,55,25%,M,6.30%
7324,118488,Nevada,8,31548,24,37,25%,F,6.30%
11481,91281,Oregon,4,22544,14,43,20%,M,8.70%
18100,151857,California,2,21262,24,25,35%,F,2.60%
4425,88244,California,1,21964,13,55,35%,F,2.60%
10269,168062,California,2,35059,2,60,35%,F,2.60%
3187,58816,California,5,10280,12,53,35%,F,2.60%
17238,137887,Oregon,0,40880,1,45,20%,F,8.70%
15670,118899,Arizona,1,35814,23,55,23%,M,5.90%
17845,55585,Arizona,5,48843,3,58,23%,F,5.90%
12864,197077,California,0,20337,22,45,35%,F,2.60%
5154,66527,California,3,35610,19,46,35%,F,2.60%
14722,148362,Arizona,5,33344,12,51,23%,M,5.90%
19263,55933,California,0,5030,17,29,35%,M,2.60%
1958,91344,California,4,21098,0,50,35%,M,2.60%
14994,139609,California,2,10663,7,59,35%,M,2.60%
4189,91927,Oregon,0,41183,10,55,20%,F,8.70%
8649,107567,California,2,26483,11,26,35%,M,2.60%
16263,126504,California,1,46288,8,37,35%,M,2.60%
8809,164541,Nevada,5,46424,9,30,25%,F,6.30%
11593,197083,Oregon,0,47811,20,54,20%,F,8.70%
8388,111863,Washington,8,5240,7,36,28%,F,4.90%
14169,152240,Nevada,6,19679,10,43,25%,M,6.30%
8563,196189,Oregon,1,36882,16,53,20%,M,8.70%
19744,136307,California,1,23602,13,35,35%,F,2.60%
16180,169524,Arizona,2,24241,10,28,23%,F,5.90%
17877,130287,California,1,38688,11,26,35%,M,2.60%
8010,102788,Washington,3,33453,13,25,28%,F,4.90%
18057,166226,Washington,3,14389,12,28,28%,F,4.90%
16053,156147,California,6,25543,19,48,35%,F,2.60%
2047,113669,Oregon,4,43078,12,26,20%,M,8.70%
1572,191749,California,8,18050,11,52,35%,M,2.60%
4202,113913,Nevada,7,8733,6,58,25%,M,6.30%
7464,154775,California,7,45889,25,32,35%,M,2.60%
12576,72002,Nevada,6,29919,7,59,25%,F,6.30%
13584,81849,Arizona,4,2583,21,38,23%,M,5.90%
17739,100920,California,8,37218,20,41,35%,M,2.60%
4048,152933,Oregon,2,46141,20,42,20%,F,8.70%
2166,146273,California,2,15722,3,49,35%,M,2.60%
3795,64785,Arizona,3,40759,19,31,23%,F,5.90%
10148,135317,California,7,7350,6,39,35%,F,2.60%
13777,172160,California,6,18625,21,40,35%,F,2.60%
3845,83261,Oregon,4,6526,11,37,20%,F,8.70%
11833,79502,Oregon,7,44476,19,48,20%,F,8.70%
11810,174018,California,6,13906,19,50,35%,M,2.60%
13167,125454,California,2,16415,22,50,35%,F,2.60%
19089,104463,Arizona,7,19022,8,42,23%,F,5.90%
6820,164367,California,4,42218,5,32,35%,F,2.60%
16642,81592,Oregon,0,21283,4,59,20%,M,8.70%
12530,184229,Arizona,4,20173,11,45,23%,M,5.90%
18910,178086,California,4,47277,4,48,35%,M,2.60%
14794,172713,California,1,33827,24,43,35%,M,2.60%
8928,92457,Nevada,3,5678,12,42,25%,F,6.30%
4535,114866,California,4,20428,23,49,35%,M,2.60%
11528,144079,Arizona,4,29431,3,26,23%,M,5.90%
6159,172304,Arizona,6,1413,20,44,23%,F,5.90%
9304,132131,Washington,0,46196,1,26,28%,M,4.90%
19658,102954,Arizona,1,39989,9,55,23%,F,5.90%
5532,158651,Washington,1,16578,2,41,28%,F,4.90%
16281,187072,Oregon,5,45089,9,32,20%,F,8.70%
11803,79417,Washington,6,17843,19,28,28%,F,4.90%
8263,182821,Oregon,4,42395,9,52,20%,F,8.70%
13120,76706,California,5,48341,23,57,35%,M,2.60%
9853,91330,California,0,47717,3,44,35%,F,2.60%
9863,139318,California,8,46453,23,51,35%,F,2.60%
10023,162843,California,3,11967,16,49,35%,F,2.60%
2274,175176,California,2,9962,19,29,35%,M,2.60%
16386,188877,Nevada,7,2764,18,52,25%,M,6.30%
12798,198312,Washington,6,8958,6,44,28%,M,4.90%
12209,66713,Oregon,2,20751,11,51,20%,M,8.70%
9517,171464,Oregon,1,23821,24,55,20%,F,8.70%
5635,111939,Arizona,0,4396,12,34,23%,M,5.90%
10683,130285,Nevada,5,27654,15,25,25%,M,6.30%
2257,69878,Oregon,8,47780,9,38,20%,F,8.70%
18195,133610,Washington,7,11148,9,55,28%,M,4.90%
3239,68428,Washington,7,46282,10,56,28%,F,4.90%
16308,164388,Oregon,3,5637,7,55,20%,F,8.70%
9630,181182,Arizona,1,4356,9,34,23%,F,5.90%
3860,120383,Nevada,4,5803,12,25,25%,F,6.30%
15360,84565,California,6,40749,9,49,35%,F,2.60%
2433,73964,Oregon,4,19916,4,39,20%,M,8.70%
7078,124141,California,3,49167,3,36,35%,F,2.60%
17159,138255,Arizona,0,44988,2,50,23%,F,5.90%
14052,186016,California,5,24644,2,26,35%,F,2.60%
19670,115054,Oregon,4,16482,5,36,20%,M,8.70%
14554,172210,California,0,21603,13,55,35%,M,2.60%
11223,63666,Oregon,8,12916,4,50,20%,M,8.70%
9249,110515,California,6,17451,15,59,35%,M,2.60%
16637,112147,Arizona,7,18985,4,30,23%,F,5.90%
4612,86008,Oregon,0,26220,23,45,20%,M,8.70%
4334,108614,Washington,5,36193,17,53,28%,M,4.90%
4427,107991,Oregon,3,39169,11,31,20%,F,8.70%
7544,117185,Nevada,4,26274,16,52,25%,M,6.30%
10669,149198,Oregon,1,8878,18,30,20%,F,8.70%
11351,91411,Oregon,0,24667,22,40,20%,F,8.70%
11954,158105,Oregon,6,20495,10,51,20%,F,8.70%
8192,82784,Arizona,5,32766,3,33,23%,F,5.90%
16038,148454,Oregon,1,9762,6,32,20%,F,8.70%
10102,82077,Oregon,1,25301,14,27,20%,M,8.70%
19666,119425,California,4,35608,17,59,35%,F,2.60%
15486,89221,Arizona,5,43861,2,26,23%,F,5.90%
4777,97517,Oregon,7,49063,16,37,20%,F,8.70%
3225,101399,Oregon,1,7518,22,39,20%,M,8.70%
15457,127736,Oregon,2,30811,19,41,20%,M,8.70%
19666,57532,Washington,6,5803,9,29,28%,M,4.90%
9195,181051,Washington,2,45630,14,36,28%,M,4.90%
9563,86693,California,3,26651,14,29,35%,F,2.60%
17056,99161,Oregon,1,27307,3,39,20%,M,8.70%
13992,114249,Washington,4,37785,4,39,28%,M,4.90%
13679,56516,California,2,30235,22,31,35%,F,2.60%
7655,119437,Washington,2,45055,18,46,28%,M,4.90%
18128,194513,Oregon,4,7836,17,56,20%,F,8.70%
12710,106930,Nevada,3,30874,14,50,25%,F,6.30%
4277,169360,Oregon,5,49924,16,28,20%,F,8.70%
15667,101857,Washington,0,42568,19,50,28%,F,4.90%
4657,77169,Nevada,6,28801,8,56,25%,F,6.30%
13561,50058,Oregon,4,19606,14,49,20%,M,8.70%
2215,114782,Oregon,7,25223,24,51,20%,F,8.70%
6473,169144,Arizona,2,23577,20,46,23%,F,5.90%
12689,65293,California,0,49701,0,35,35%,F,2.60%
7872,62346,California,0,26880,1,41,35%,M,2.60%
14112,189421,California,4,35984,13,60,35%,M,2.60%
3649,84623,Nevada,8,40015,14,43,25%,M,6.30%
11605,63819,Washington,2,12011,12,34,28%,M,4.90%
12473,122912,Oregon,1,37978,19,27,20%,F,8.70%
16744,180769,Oregon,6,38853,14,33,20%,M,8.70%
19366,142625,Oregon,8,44661,7,52,20%,M,8.70%
11239,177292,Nevada,2,11273,12,27,25%,F,6.30%
10422,130721,Nevada,6,4098,16,51,25%,M,6.30%
19895,190271,Oregon,5,33815,13,32,20%,F,8.70%
13880,133336,Nevada,3,32851,7,27,25%,F,6.30%
8917,136758,California,5,37554,2,58,35%,F,2.60%
9714,179837,California,2,8930,23,42,35%,F,2.60%
10105,178973,California,0,49572,24,43,35%,F,2.60%
7055,117736,Oregon,8,10517,13,26,20%,M,8.70%
8648,146597,California,2,38779,8,32,35%,F,2.60%
12676,92434,Nevada,5,1411,13,44,25%,F,6.30%
6938,58497,Arizona,7,504,10,36,23%,F,5.90%
18484,86513,Oregon,2,8563,22,58,20%,M,8.70%
2478,106894,Oregon,4,12779,22,49,20%,M,8.70%
6387,176379,California,7,26203,21,43,35%,M,2.60%
10618,184765,Oregon,4,5912,6,50,20%,M,8.70%
15729,61132,Arizona,3,32468,23,39,23%,F,5.90%
19685,67582,California,1,39994,1,28,35%,M,2.60%
8962,90789,California,6,32395,7,60,35%,M,2.60%
19099,125315,Arizona,6,49706,14,43,23%,F,5.90%
1447,78217,Arizona,7,39694,8,54,23%,M,5.90%
2256,116994,Arizona,7,32628,9,51,23%,F,5.90%
11078,70887,Arizona,8,5845,5,57,23%,F,5.90%
10595,130492,Oregon,6,31685,8,27,20%,F,8.70%
13357,108017,Nevada,5,27374,10,35,25%,F,6.30%
5753,139372,Arizona,2,26692,1,52,23%,F,5.90%
15183,105974,Oregon,6,30329,13,28,20%,M,8.70%
11601,95183,Washington,5,7029,19,32,28%,F,4.90%
5941,184782,Oregon,7,12015,14,45,20%,F,8.70%
14925,60848,Washington,0,21315,12,52,28%,F,4.90%
10374,86487,Arizona,6,34394,4,35,23%,M,5.90%
10453,98862,California,1,41004,20,52,35%,M,2.60%
12724,190275,Arizona,6,8544,24,51,23%,M,5.90%
10299,159457,Arizona,1,35318,3,32,23%,M,5.90%
12969,115357,Arizona,0,23128,4,49,23%,F,5.90%
18237,75175,California,2,22524,13,49,35%,M,2.60%
19023,108565,Oregon,8,35721,21,26,20%,M,8.70%
15494,51623,Oregon,6,19690,18,28,20%,F,8.70%
7737,114343,California,5,2906,14,50,35%,M,2.60%
5349,196032,Oregon,4,37872,11,38,20%,F,8.70%
1753,91564,Nevada,1,36309,22,54,25%,F,6.30%
11618,176095,Arizona,6,24062,17,53,23%,F,5.90%
4738,52634,California,1,46366,20,41,35%,F,2.60%
12433,166168,California,7,21254,24,46,35%,F,2.60%
9070,110601,Oregon,4,13213,19,28,20%,M,8.70%
5892,162856,Arizona,4,9918,19,57,23%,F,5.90%
8539,166410,Nevada,7,37415,11,34,25%,F,6.30%
4249,161806,Oregon,1,8556,2,26,20%,F,8.70%
3107,139889,Nevada,8,9919,9,46,25%,M,6.30%
17023,83286,California,8,26361,25,27,35%,M,2.60%
12629,125223,Nevada,7,26568,3,38,25%,M,6.30%
1419,153064,Arizona,2,45143,24,31,23%,M,5.90%
13714,101960,Oregon,4,22826,23,36,20%,F,8.70%
12696,144195,California,8,46282,5,53,35%,M,2.60%
6851,51504,Oregon,4,37727,4,57,20%,M,8.70%
2066,61504,Oregon,6,13558,3,38,20%,F,8.70%
17067,109063,Nevada,0,2822,19,30,25%,M,6.30%
2115,142019,Oregon,2,4376,23,56,20%,F,8.70%
9149,177450,Oregon,5,49772,19,36,20%,F,8.70%
18486,88259,Oregon,3,22814,3,39,20%,F,8.70%
9337,88819,Oregon,4,5339,17,26,20%,F,8.70%
15501,140615,California,7,12349,15,45,35%,F,2.60%
14295,172605,California,5,12769,25,38,35%,M,2.60%
10306,112805,California,7,35839,17,30,35%,F,2.60%
8117,50392,Arizona,2,6119,15,52,23%,F,5.90%
5896,103770,Arizona,4,31136,24,32,23%,F,5.90%
13664,113009,Oregon,5,19993,20,35,20%,M,8.70%
9925,178394,Oregon,8,2947,14,31,20%,M,8.70%
3050,64983,California,8,15562,22,39,35%,M,2.60%
7072,130961,Oregon,0,47911,20,36,20%,M,8.70%
3264,149586,California,4,24470,9,32,35%,F,2.60%
2239,132178,Nevada,3,24370,2,33,25%,M,6.30%
14591,134496,Arizona,1,23849,5,32,23%,M,5.90%
6633,62820,Arizona,0,36101,0,48,23%,F,5.90%
8949,133364,Oregon,5,11782,21,26,20%,M,8.70%
12115,183803,Oregon,0,14332,9,47,20%,F,8.70%
8495,125994,Oregon,0,2388,10,46,20%,F,8.70%
2569,66259,California,5,40502,0,30,35%,F,2.60%
13218,102381,Arizona,7,14283,4,60,23%,F,5.90%
1764,120894,Arizona,7,44106,16,37,23%,F,5.90%
16744,183763,Oregon,3,15395,14,31,20%,M,8.70%
4746,183216,Arizona,6,39745,2,55,23%,F,5.90%
18546,68703,Nevada,5,14619,10,31,25%,F,6.30%
5800,182801,Arizona,4,49262,17,34,23%,F,5.90%
11967,77348,Oregon,3,45890,22,36,20%,M,8.70%
14173,192187,Oregon,5,22923,9,51,20%,M,8.70%
7434,106138,California,3,36671,19,38,35%,M,2.60%
8547,179020,Oregon,7,38968,19,36,20%,M,8.70%
5069,90302,Oregon,4,22410,21,43,20%,F,8.70%
14198,74943,Oregon,8,20195,17,39,20%,M,8.70%
6581,127161,Washington,1,38132,7,38,28%,M,4.90%
7280,117414,Arizona,0,41992,25,38,23%,F,5.90%
5865,147501,California,7,17846,13,54,35%,M,2.60%
13540,71659,Oregon,0,39378,24,43,20%,F,8.70%
5925,139672,Washington,7,10671,20,50,28%,F,4.90%
9930,178037,Arizona,6,40517,23,46,23%,F,5.90%
5747,131950,Arizona,8,9184,24,51,23%,F,5.90%
4151,52966,California,4,4996,4,32,35%,F,2.60%
9521,115406,Oregon,0,9183,10,38,20%,M,8.70%
12133,107233,Oregon,1,29155,0,53,20%,F,8.70%
8874,51546,Oregon,1,33816,2,38,20%,F,8.70%
12047,199029,Oregon,0,286,11,44,20%,F,8.70%
16630,134412,California,0,5589,9,36,35%,M,2.60%
7619,159951,Arizona,2,48149,13,49,23%,M,5.90%
10444,84674,California,5,27584,16,34,35%,M,2.60%
2197,199450,California,1,30875,11,30,35%,M,2.60%
11321,92638,California,1,45231,1,54,35%,F,2.60%
8946,173004,Arizona,7,27153,12,47,23%,M,5.90%
5719,150766,California,6,11813,12,50,35%,M,2.60%
9092,178165,Washington,6,36107,15,57,28%,F,4.90%
7269,113160,Oregon,1,4833,19,58,20%,M,8.70%
8816,174209,Nevada,0,43549,10,42,25%,F,6.30%
2652,55203,California,0,19499,8,37,35%,F,2.60%
18074,113065,California,7,44705,12,35,35%,F,2.60%
9852,184087,California,7,7172,22,41,35%,F,2.60%
13591,194540,California,8,12115,7,54,35%,F,2.60%
17715,139643,Oregon,7,49047,6,47,20%,M,8.70%
18898,112383,Oregon,6,32660,12,53,20%,F,8.70%
13186,143748,California,1,27627,13,27,35%,F,2.60%
7711,55819,Oregon,2,6157,18,34,20%,F,8.70%
19189,75898,Oregon,8,32280,21,39,20%,M,8.70%
2674,174773,California,2,16212,9,50,35%,M,2.60%
17424,137798,Arizona,7,44779,19,52,23%,M,5.90%
9029,133185,Oregon,5,47309,0,29,20%,M,8.70%
11344,70103,Oregon,3,43422,0,60,20%,F,8.70%
3991,180072,Oregon,0,33987,12,60,20%,M,8.70%
1776,50392,Oregon,8,2070,5,26,20%,M,8.70%
6367,171805,Washington,6,30107,10,51,28%,F,4.90%
18675,156499,Oregon,7,24248,22,56,20%,M,8.70%
9756,197771,Arizona,2,13059,6,43,23%,F,5.90%
2038,88559,Washington,0,30575,10,28,28%,F,4.90%
3930,65944,California,5,28961,7,53,35%,F,2.60%
4656,142035,Nevada,6,11600,24,37,25%,F,6.30%
6309,106953,California,3,44442,9,53,35%,F,2.60%
12812,102197,Oregon,6,39275,9,53,20%,M,8.70%
12120,64057,California,4,1336,25,29,35%,F,2.60%
7563,99541,California,4,17574,10,45,35%,F,2.60%
5475,199528,Nevada,5,48034,17,35,25%,F,6.30%
7362,112322,Arizona,8,5105,10,33,23%,M,5.90%
12046,159969,California,6,8114,0,60,35%,M,2.60%
13897,193527,California,2,842,3,53,35%,M,2.60%
14473,70764,Oregon,6,32101,14,32,20%,M,8.70%
19749,178185,Washington,5,30227,10,27,28%,F,4.90%
15078,69054,Nevada,1,42811,21,50,25%,M,6.30%
1716,88557,Oregon,0,7003,15,47,20%,M,8.70%
15701,74869,Arizona,1,23609,4,30,23%,F,5.90%
12209,152358,Oregon,4,33391,21,35,20%,M,8.70%
6091,141318,Arizona,6,34680,11,38,23%,F,5.90%
11977,145503,Oregon,8,6113,2,58,20%,F,8.70%
2970,164584,Oregon,8,11470,7,60,20%,F,8.70%
5109,162090,California,3,40951,11,53,35%,F,2.60%
18116,67992,Oregon,8,36904,16,28,20%,F,8.70%
11883,169315,Oregon,3,18659,3,59,20%,M,8.70%
9152,131698,California,8,28310,20,25,35%,F,2.60%
4125,154514,Nevada,4,19599,2,41,25%,F,6.30%
7628,112777,California,0,27904,24,59,35%,F,2.60%
3451,58573,Washington,8,39680,23,30,28%,M,4.90%
5038,76070,California,2,27845,12,58,35%,M,2.60%
12960,70549,Oregon,7,29329,0,33,20%,M,8.70%
5983,66757,Oregon,0,27834,7,53,20%,M,8.70%
4748,68455,Arizona,7,27134,4,59,23%,F,5.90%
4061,81652,Arizona,1,26964,8,45,23%,M,5.90%
7407,99194,California,6,42702,4,32,35%,M,2.60%
2753,125609,Nevada,4,14928,10,26,25%,F,6.30%
17448,183176,Oregon,4,48884,9,27,20%,M,8.70%
5677,126925,Nevada,5,23593,0,31,25%,F,6.30%
13237,131849,California,7,48347,3,34,35%,F,2.60%
10483,132111,Nevada,0,27064,13,59,25%,F,6.30%
9520,85535,Oregon,6,7106,2,58,20%,F,8.70%
2391,180921,Washington,4,44025,17,33,28%,F,4.90%
9924,53338,California,5,33994,22,28,35%,M,2.60%
10746,82384,Oregon,7,48775,17,54,20%,F,8.70%
15627,180228,Arizona,4,34751,14,39,23%,F,5.90%
8583,140654,California,8,47115,24,38,35%,F,2.60%
7312,95411,California,2,9870,24,37,35%,M,2.60%
10856,138480,Nevada,2,24647,3,50,25%,M,6.30%
7397,73610,Arizona,4,14983,17,26,23%,M,5.90%
13448,194548,Oregon,0,30464,0,48,20%,M,8.70%
13245,145252,California,1,29775,2,36,35%,F,2.60%
3521,119945,California,5,18949,18,50,35%,M,2.60%
18372,192424,Oregon,3,40515,17,53,20%,M,8.70%
6086,65891,California,3,266,9,40,35%,F,2.60%
19907,61994,California,3,7081,6,60,35%,M,2.60%
12236,170231,Oregon,1,38734,1,44,20%,F,8.70%
14710,172506,Washington,7,29461,14,29,28%,F,4.90%
11743,142358,Oregon,8,201,23,35,20%,F,8.70%
17186,104341,California,1,18237,20,46,35%,F,2.60%
14693,157939,California,1,38023,21,30,35%,F,2.60%
18768,154097,Washington,4,33031,7,33,28%,M,4.90%
12187,137792,Arizona,5,49608,15,27,23%,F,5.90%
7503,142374,Arizona,1,7813,7,27,23%,F,5.90%
6946,99022,California,2,16807,20,41,35%,F,2.60%
7620,137412,Washington,1,930,20,35,28%,M,4.90%
14641,74515,Nevada,4,27573,17,51,25%,M,6.30%
3860,169988,Oregon,6,7320,17,36,20%,M,8.70%
13743,137493,Oregon,8,20848,20,41,20%,M,8.70%
2675,90748,Oregon,3,21923,4,40,20%,F,8.70%
14900,157826,Oregon,4,29237,6,55,20%,M,8.70%
2654,193251,Oregon,0,25375,17,55,20%,M,8.70%
9350,77117,Arizona,3,24131,22,29,23%,F,5.90%
19480,97730,Oregon,8,11558,16,49,20%,M,8.70%
18428,199118,Oregon,1,8482,7,39,20%,F,8.70%
6978,69817,Washington,2,38253,24,36,28%,F,4.90%
9923,174230,Arizona,6,15725,8,45,23%,F,5.90%
17157,186021,Washington,0,16500,18,44,28%,F,4.90%
3135,149079,Washington,3,7004,18,50,28%,F,4.90%
4534,121827,Oregon,0,12938,9,45,20%,M,8.70%
8567,109636,Oregon,2,9072,15,34,20%,F,8.70%
11850,125180,California,3,1156,0,43,35%,F,2.60%
12063,155123,Washington,7,38887,4,46,28%,F,4.90%
12041,55191,California,8,27793,19,58,35%,M,2.60%
4862,97033,California,8,47385,15,46,35%,M,2.60%
7069,163855,Arizona,5,41047,1,37,23%,M,5.90%
15219,197168,California,5,16468,19,35,35%,M,2.60%
17020,182421,Oregon,8,22337,24,47,20%,F,8.70%
9254,191631,Oregon,3,21261,8,40,20%,M,8.70%
17040,72884,Arizona,4,29404,21,29,23%,M,5.90%
15434,173252,California,7,18019,5,42,35%,F,2.60%
7655,64578,California,1,7526,5,26,35%,M,2.60%
3753,69337,Oregon,4,24267,16,57,20%,F,8.70%
17306,52682,California,7,32127,24,59,35%,F,2.60%
11413,126292,Arizona,1,40477,21,38,23%,F,5.90%
19139,192997,Oregon,1,27925,5,33,20%,F,8.70%
18329,134403,Arizona,4,31045,6,39,23%,F,5.90%
12993,147286,Oregon,8,45191,0,56,20%,M,8.70%
13531,78302,Oregon,3,21458,9,31,20%,F,8.70%
10915,77413,Oregon,3,14485,19,39,20%,F,8.70%
4476,161597,Nevada,3,15702,19,48,25%,F,6.30%
5103,147559,Arizona,2,21187,11,51,23%,M,5.90%
13913,186580,Arizona,7,47947,5,56,23%,M,5.90%
11486,66613,Oregon,6,26746,19,27,20%,M,8.70%
16189,151842,California,3,30503,19,32,35%,M,2.60%
8824,106908,Oregon,1,24823,10,33,20%,F,8.70%
9856,173258,Oregon,8,25612,19,46,20%,M,8.70%
19790,58745,California,2,3813,13,45,35%,M,2.60%
11021,159879,Arizona,8,7541,7,52,23%,F,5.90%
17271,130026,Oregon,3,19663,15,31,20%,M,8.70%
19154,132319,Oregon,5,23176,12,57,20%,F,8.70%
18994,114810,Arizona,0,34821,24,46,23%,F,5.90%
4545,74054,Arizona,3,20233,17,54,23%,F,5.90%
19286,160108,Oregon,8,16587,6,35,20%,F,8.70%
12338,77016,Washington,2,11339,10,52,28%,F,4.90%
6447,100145,California,8,39109,21,26,35%,M,2.60%
7057,54955,Oregon,4,31914,11,59,20%,F,8.70%
14550,111268,Arizona,2,31432,7,27,23%,F,5.90%
15683,119310,Nevada,2,37158,24,55,25%,F,6.30%
4045,151521,Arizona,3,5479,11,57,23%,M,5.90%
14303,73688,Washington,7,33181,14,59,28%,M,4.90%
2905,69278,Oregon,8,38596,21,32,20%,M,8.70%
17089,62746,Arizona,0,16402,3,43,23%,M,5.90%
13995,168507,California,7,17609,5,32,35%,F,2.60%
8990,81749,California,1,28105,1,51,35%,M,2.60%
15841,106732,Nevada,6,26748,23,60,25%,M,6.30%
1604,183978,California,6,4213,6,47,35%,F,2.60%
4380,184667,California,0,32134,24,53,35%,M,2.60%
11636,125347,Oregon,6,17502,8,29,20%,F,8.70%
4104,125879,California,7,15204,21,47,35%,F,2.60%
4756,129458,Oregon,4,555,3,44,20%,F,8.70%
10925,132083,California,8,19805,6,31,35%,F,2.60%
13293,135234,Oregon,4,45972,25,34,20%,F,8.70%
3413,175384,Arizona,6,24164,15,52,23%,M,5.90%
19246,156243,California,3,21962,18,42,35%,F,2.60%
12938,178293,Nevada,8,44227,1,53,25%,F,6.30%
10496,160750,Arizona,5,12555,14,47,23%,F,5.90%
6909,105109,Oregon,4,7824,3,50,20%,M,8.70%
11552,152515,California,8,47294,8,55,35%,M,2.60%
13425,124261,Arizona,8,3745,6,46,23%,M,5.90%
5847,121484,Washington,8,17316,22,52,28%,M,4.90%
19578,82284,California,0,36591,5,49,35%,F,2.60%
13857,177057,California,5,12437,25,49,35%,M,2.60%
12139,142999,California,7,3846,6,45,35%,M,2.60%
2673,188422,California,6,27204,21,52,35%,F,2.60%
6436,84052,Oregon,5,14268,25,25,20%,M,8.70%
5961,181516,Arizona,0,13151,11,49,23%,F,5.90%
14071,85386,Arizona,7,28132,3,31,23%,F,5.90%
9359,78694,Oregon,7,37199,10,43,20%,F,8.70%
6631,65530,California,6,36526,0,46,35%,F,2.60%
7877,50778,California,2,27613,19,28,35%,F,2.60%
14468,82866,Nevada,2,33102,2,32,25%,M,6.30%
13713,66854,Washington,7,20135,12,60,28%,F,4.90%
14108,162984,Arizona,1,39099,3,50,23%,F,5.90%
13638,82640,Nevada,8,13748,6,57,25%,F,6.30%
6366,147989,Arizona,7,29397,0,31,23%,M,5.90%
17323,83655,Arizona,8,3946,20,49,23%,M,5.90%
19022,181036,California,7,1276,10,52,35%,M,2.60%
12004,70645,Arizona,6,13965,21,48,23%,M,5.90%
7196,170606,Oregon,8,47435,14,34,20%,F,8.70%
14952,104966,California,8,14182,15,44,35%,M,2.60%
9856,64023,Oregon,1,9310,6,46,20%,M,8.70%
17425,86181,Washington,0,40427,5,41,28%,F,4.90%
4960,163528,Oregon,8,46871,23,51,20%,M,8.70%
1387,65900,California,2,13016,25,32,35%,F,2.60%
4211,199423,Nevada,5,4845,8,26,25%,F,6.30%
11477,124125,Oregon,0,8835,15,56,20%,F,8.70%
2468,147302,California,7,34647,25,44,35%,F,2.60%
2010,123638,Washington,0,7701,3,34,28%,F,4.90%
15159,65085,Nevada,5,37308,12,58,25%,M,6.30%
14336,96147,Oregon,8,4078,13,40,20%,F,8.70%
8671,72447,California,3,11383,12,29,35%,F,2.60%
16706,122327,Washington,5,22208,3,30,28%,F,4.90%
12414,184759,Arizona,5,20033,24,48,23%,M,5.90%
11403,190422,California,7,24580,2,59,35%,M,2.60%
8141,53758,California,4,29548,6,37,35%,M,2.60%
11713,117044,California,8,26286,23,26,35%,M,2.60%
6352,94479,Nevada,2,454,4,43,25%,F,6.30%
12069,173552,Arizona,2,39848,4,49,23%,M,5.90%
19269,172464,Arizona,1,37474,23,26,23%,M,5.90%
6187,101367,Oregon,1,44110,12,52,20%,F,8.70%
18445,181878,Washington,6,12579,18,54,28%,M,4.90%
8035,55274,California,5,25185,0,32,35%,F,2.60%
8497,184654,California,5,13628,17,36,35%,F,2.60%
8200,83146,Arizona,6,4803,5,32,23%,F,5.90%
12013,91085,Nevada,2,47549,17,58,25%,F,6.30%
1304,172311,Oregon,1,34034,24,53,20%,F,8.70%
16046,93811,Oregon,7,49116,16,43,20%,M,8.70%
12469,195195,California,0,20290,12,54,35%,F,2.60%
4844,85769,California,6,2279,6,38,35%,F,2.60%
16413,163807,Oregon,0,3227,8,42,20%,F,8.70%
18999,126912,Washington,2,3951,6,49,28%,M,4.90%
6743,111048,California,5,5424,22,42,35%,M,2.60%
9615,91322,Nevada,3,36702,7,28,25%,M,6.30%
16766,162553,California,3,22260,20,54,35%,M,2.60%
5006,147311,Arizona,4,1062,3,31,23%,F,5.90%
3631,122282,Oregon,5,31472,23,51,20%,M,8.70%
19212,158435,California,3,16179,12,48,35%,M,2.60%
13882,137544,California,0,1168,19,43,35%,F,2.60%
10037,130210,Oregon,3,42562,5,42,20%,M,8.70%
19417,51821,California,6,36510,10,51,35%,F,2.60%
4307,82389,Oregon,2,39256,10,53,20%,F,8.70%
2639,115412,Oregon,6,46900,15,53,20%,F,8.70%
19852,92473,California,0,40922,12,60,35%,F,2.60%
9559,113761,Nevada,0,9705,4,37,25%,F,6.30%
17119,164207,Oregon,8,10897,2,56,20%,M,8.70%
17767,60970,California,1,30663,10,26,35%,F,2.60%
12390,155528,Arizona,8,35924,11,29,23%,F,5.90%
13522,188370,Nevada,5,43991,20,31,25%,F,6.30%
10316,64479,Oregon,7,44312,3,44,20%,M,8.70%
18761,162597,Arizona,2,5943,0,44,23%,M,5.90%
5169,104785,Washington,2,4461,13,31,28%,M,4.90%
15615,98958,California,6,11119,0,47,35%,M,2.60%
1906,149870,Arizona,4,15645,9,44,23%,F,5.90%
3555,52529,Arizona,6,44598,22,49,23%,M,5.90%
15561,103543,Arizona,7,23040,13,59,23%,M,5.90%
10683,166016,Oregon,6,17272,22,30,20%,F,8.70%
8822,114703,Nevada,2,40666,13,44,25%,M,6.30%
17821,52183,Washington,4,33215,12,42,28%,F,4.90%
9220,191878,California,5,26394,3,34,35%,F,2.60%
5766,78475,Oregon,6,34973,18,45,20%,F,8.70%
14086,149202,Oregon,4,37401,17,51,20%,F,8.70%
13013,76897,Oregon,2,32208,2,58,20%,F,8.70%
17005,122787,California,7,18892,24,40,35%,M,2.60%
19837,58842,Oregon,0,23340,13,46,20%,F,8.70%
19760,155504,Oregon,2,35162,11,42,20%,F,8.70%
6959,110189,Nevada,6,16864,10,48,25%,F,6.30%
15957,179228,California,6,40106,15,59,35%,M,2.60%
18560,68318,Arizona,2,19855,8,30,23%,M,5.90%
17358,192895,Arizona,3,1504,10,35,23%,M,5.90%
15114,74689,California,7,10879,5,43,35%,M,2.60%
1445,199403,Oregon,8,32786,0,29,20%,F,8.70%
8193,118569,Washington,6,40262,6,42,28%,M,4.90%
6456,102367,Arizona,5,29568,1,57,23%,M,5.90%
18286,174448,Arizona,4,47812,14,32,23%,F,5.90%
16866,130891,Washington,3,31783,2,45,28%,M,4.90%
11419,197273,California,6,30356,20,26,35%,F,2.60%
3478,146621,Oregon,4,44341,9,57,20%,F,8.70%
18460,125307,California,2,49389,7,36,35%,F,2.60%
10884,104331,California,7,49527,23,56,35%,F,2.60%
2832,177624,Oregon,7,23168,5,31,20%,F,8.70%
4742,57174,Washington,3,45514,24,27,28%,M,4.90%
12342,120664,Nevada,1,7820,0,43,25%,F,6.30%
10004,199089,Oregon,2,2243,12,54,20%,F,8.70%
1207,155759,Oregon,3,18975,0,42,20%,F,8.70%
9551,72091,California,4,39778,12,32,35%,M,2.60%
8211,162574,California,0,10348,6,47,35%,M,2.60%
17012,85475,California,2,32056,22,49,35%,M,2.60%
16308,166221,Nevada,8,22981,22,51,25%,M,6.30%
5886,177203,Nevada,0,34797,20,31,25%,F,6.30%
10113,149080,Oregon,2,35549,2,52,20%,M,8.70%
3541,116134,California,6,16400,19,50,35%,M,2.60%
11226,175037,Oregon,7,11708,21,34,20%,F,8.70%
3888,67844,Oregon,2,34443,11,59,20%,M,8.70%
12518,137405,California,2,26463,14,35,35%,F,2.60%
9990,113702,Washington,8,34417,1,45,28%,F,4.90%
19715,55257,Arizona,7,34882,3,26,23%,F,5.90%
16752,161219,Arizona,7,38981,19,52,23%,F,5.90%
13895,98924,Arizona,0,25705,2,45,23%,F,5.90%
8767,177888,California,7,49718,6,52,35%,M,2.60%
5883,112883,Oregon,4,43433,15,43,20%,F,8.70%
14281,99323,California,5,27858,24,45,35%,F,2.60%
11021,124370,California,1,45864,21,33,35%,F,2.60%
12536,162065,California,2,18883,9,52,35%,M,2.60%
1369,71802,California,5,46094,8,37,35%,M,2.60%
17621,79381,California,3,46424,3,32,35%,M,2.60%
15529,196037,Arizona,1,32384,6,52,23%,M,5.90%
1453,168212,California,6,16501,15,51,35%,F,2.60%
10529,60431,California,2,14128,9,45,35%,M,2.60%
10235,96309,Oregon,5,24386,17,39,20%,M,8.70%
4636,168951,California,0,47697,14,36,35%,F,2.60%
1629,184234,Oregon,4,13581,9,56,20%,M,8.70%
3030,90944,California,2,43606,21,48,35%,F,2.60%
9492,105602,Oregon,8,10082,6,25,20%,F,8.70%
13012,56281,Washington,1,2081,19,53,28%,F,4.90%
7928,112701,California,8,28537,18,40,35%,F,2.60%
5144,84729,California,4,39138,23,48,35%,F,2.60%
7848,191656,Washington,8,47790,8,36,28%,M,4.90%
13721,110645,California,8,33578,8,35,35%,F,2.60%
16332,73069,California,4,16581,21,49,35%,F,2.60%
4574,81232,Oregon,0,49280,11,33,20%,F,8.70%
7446,199889,Arizona,3,40753,13,53,23%,M,5.90%
18682,116045,Washington,0,45033,6,25,28%,M,4.90%
2179,94005,California,0,30614,8,44,35%,M,2.60%
10785,91818,Oregon,0,46993,0,27,20%,M,8.70%
5900,197697,Oregon,3,41362,25,58,20%,F,8.70%
17257,80573,California,6,19313,24,41,35%,M,2.60%
18004,66233,Arizona,8,35564,5,28,23%,M,5.90%
3421,199651,Nevada,8,33176,17,40,25%,F,6.30%
18630,185269,Nevada,6,21480,16,46,25%,M,6.30%
4575,163101,Washington,0,20042,5,40,28%,F,4.90%
8435,113423,Oregon,5,17420,14,33,20%,F,8.70%
16446,53775,Arizona,0,41053,10,47,23%,F,5.90%
9174,61983,Arizona,0,1640,7,40,23%,F,5.90%
8029,165568,Washington,7,36288,22,31,28%,F,4.90%
2045,160408,California,8,45086,22,40,35%,M,2.60%
14447,63035,Oregon,4,11776,10,37,20%,F,8.70%
6502,143047,California,8,30092,14,41,35%,F,2.60%
16090,151585,Arizona,4,9718,22,34,23%,F,5.90%
5412,170083,California,8,9027,9,26,35%,M,2.60%
13614,69394,Oregon,8,34784,17,45,20%,M,8.70%
4243,194462,Arizona,3,181,22,29,23%,M,5.90%
3741,83796,Arizona,6,29529,4,45,23%,M,5.90%
3719,184438,Arizona,5,40457,24,40,23%,F,5.90%
2043,159964,Oregon,7,40930,9,31,20%,M,8.70%
10771,88615,Washington,1,28435,6,25,28%,M,4.90%
2580,67354,Nevada,3,42506,0,40,25%,F,6.30%
17705,93730,Arizona,5,33189,8,50,23%,M,5.90%
12759,149672,California,8,45306,6,50,35%,F,2.60%
1376,192127,Arizona,7,20450,1,40,23%,F,5.90%
11746,114864,California,8,18341,19,27,35%,F,2.60%
17813,133606,California,8,6214,21,46,35%,M,2.60%
17187,124102,California,8,28206,25,56,35%,F,2.60%
2109,51317,Arizona,2,36643,23,40,23%,M,5.90%
4437,78301,Arizona,1,5270,22,26,23%,F,5.90%
7563,197215,Oregon,2,13309,4,58,20%,F,8.70%
14455,158182,California,4,26557,8,53,35%,F,2.60%
2023,141868,Washington,5,5156,25,57,28%,M,4.90%
15856,161017,Washington,6,176,18,48,28%,M,4.90%
14752,130182,Nevada,4,26248,4,59,25%,M,6.30%
18238,101126,California,5,1081,21,59,35%,M,2.60%
17074,136824,Arizona,8,8149,12,55,23%,F,5.90%
4259,178579,California,5,27356,12,26,35%,M,2.60%
3323,137062,Oregon,3,13835,9,28,20%,M,8.70%
13543,88412,Oregon,7,44440,11,58,20%,F,8.70%
19092,160110,Arizona,5,17074,14,44,23%,M,5.90%
4725,197491,California,4,13452,17,33,35%,F,2.60%
14112,95836,Arizona,6,2973,23,53,23%,F,5.90%
15335,56048,California,0,42491,18,42,35%,F,2.60%
11213,150227,Arizona,3,11993,4,60,23%,F,5.90%
14903,135244,Nevada,7,21476,20,28,25%,F,6.30%
2626,134299,Oregon,0,20984,1,34,20%,M,8.70%
9539,148211,Arizona,4,44713,20,38,23%,F,5.90%
9383,139840,Arizona,3,18313,13,54,23%,F,5.90%
15029,136253,California,0,37041,0,52,35%,F,2.60%
1409,103417,Washington,6,18667,16,48,28%,M,4.90%
11041,70436,Washington,8,29534,9,55,28%,M,4.90%
18467,51619,Oregon,0,33144,4,32,20%,M,8.70%
2034,75197,Arizona,5,39853,19,26,23%,M,5.90%
5475,89139,Washington,4,42601,19,27,28%,F,4.90%
18789,150853,California,1,32524,13,35,35%,M,2.60%
2226,170697,California,7,43885,24,35,35%,M,2.60%
2042,108313,Oregon,1,47024,18,56,20%,F,8.70%
10351,78163,Oregon,0,31632,16,46,20%,M,8.70%
17153,73313,Arizona,3,701,22,48,23%,F,5.90%
4231,118188,Arizona,5,37302,3,55,23%,F,5.90%
9078,145035,California,4,14686,2,41,35%,F,2.60%
7629,96886,Oregon,0,9546,14,58,20%,F,8.70%
11333,162300,Nevada,6,46533,6,44,25%,F,6.30%
5481,161547,Nevada,6,44670,1,60,25%,M,6.30%
9916,58320,Oregon,7,41730,15,46,20%,F,8.70%
3560,164716,California,4,25106,20,29,35%,F,2.60%
12794,81529,Nevada,8,26684,10,60,25%,F,6.30%
9085,151554,Oregon,7,21984,3,40,20%,M,8.70%
9500,111508,Washington,5,11919,12,53,28%,M,4.90%
8610,165914,Oregon,5,48479,19,53,20%,M,8.70%
13734,161665,California,6,37812,8,47,35%,M,2.60%
4291,144067,Arizona,0,37606,23,38,23%,F,5.90%
10003,132560,California,3,40993,22,32,35%,M,2.60%
4279,68893,Oregon,5,2414,12,56,20%,M,8.70%
19780,102114,California,6,15440,18,46,35%,F,2.60%
7286,94709,Arizona,0,34267,19,52,23%,M,5.90%
16973,189664,Oregon,1,17651,3,42,20%,F,8.70%
18073,94983,Washington,8,2117,13,27,28%,F,4.90%
14310,158208,Arizona,5,8745,22,31,23%,F,5.90%
17131,157760,Arizona,6,5923,25,32,23%,F,5.90%
13895,54536,Oregon,7,5988,2,37,20%,F,8.70%
18957,131473,California,8,1439,11,35,35%,M,2.60%
19292,80818,Arizona,6,24935,21,47,23%,F,5.90%
4006,91019,Arizona,4,5282,15,53,23%,F,5.90%
9562,115580,Oregon,1,28836,22,27,20%,F,8.70%
8162,192076,Oregon,1,37376,19,33,20%,M,8.70%
12131,186828,Arizona,0,904,10,54,23%,M,5.90%
14244,141502,California,5,36468,17,35,35%,M,2.60%
2365,121857,Oregon,3,31273,19,50,20%,M,8.70%
11932,92080,California,8,38529,14,49,35%,F,2.60%
9520,74298,Arizona,6,15453,11,29,23%,M,5.90%
6470,54862,Nevada,4,4632,25,49,25%,M,6.30%
14886,198231,Washington,8,48397,1,29,28%,F,4.90%
8349,104979,Arizona,1,12223,13,49,23%,M,5.90%
4978,147405,California,3,15926,20,57,35%,F,2.60%
15736,163524,California,8,29997,19,57,35%,F,2.60%
11156,152497,Oregon,1,13316,21,40,20%,F,8.70%
17288,123317,Oregon,4,39376,16,44,20%,F,8.70%
4354,122985,Oregon,3,1504,12,48,20%,F,8.70%
8815,124618,California,2,34985,3,56,35%,M,2.60%
8421,51813,California,7,29167,23,35,35%,F,2.60%
11465,112700,Arizona,4,16890,3,35,23%,F,5.90%
6923,92155,Oregon,6,31174,20,46,20%,F,8.70%
13854,141061,California,1,28331,4,42,35%,M,2.60%
9120,168639,Washington,4,7353,23,47,28%,M,4.90%
3967,144962,Oregon,8,10511,3,34,20%,M,8.70%
12564,142846,Arizona,6,35870,22,38,23%,M,5.90%
6706,92345,Nevada,3,102,15,60,25%,F,6.30%
6868,154475,Nevada,3,13712,21,48,25%,M,6.30%
19571,122540,Arizona,5,9916,16,41,23%,M,5.90%
15754,171480,Oregon,1,22572,13,44,20%,F,8.70%
8497,177704,Arizona,3,13260,20,25,23%,M,5.90%
1851,140270,Oregon,2,18371,22,51,20%,F,8.70%
10331,88243,California,8,26403,1,25,35%,F,2.60%
13235,85400,California,4,32322,15,50,35%,F,2.60%
14599,170518,Oregon,8,23339,14,44,20%,F,8.70%
9407,65746,Arizona,8,31222,9,47,23%,F,5.90%
15263,178146,California,4,13715,22,33,35%,M,2.60%
15074,121549,California,8,40840,25,29,35%,F,2.60%
15583,165192,California,6,10711,12,48,35%,F,2.60%
19515,99457,Oregon,4,45421,23,49,20%,F,8.70%
10931,148710,Arizona,2,34439,20,27,23%,M,5.90%
6450,103811,Oregon,1,23386,19,46,20%,M,8.70%
17953,103130,Washington,4,28740,18,58,28%,M,4.90%
5336,105499,Nevada,3,25404,23,42,25%,M,6.30%
12907,161347,Arizona,5,46877,24,47,23%,F,5.90%
16112,72703,Oregon,4,46240,21,57,20%,M,8.70%
2126,120912,Arizona,6,7152,16,32,23%,M,5.90%
12512,193157,Arizona,2,47309,0,59,23%,F,5.90%
2824,167192,California,4,28506,22,25,35%,M,2.60%
17519,94940,Oregon,2,39004,4,30,20%,F,8.70%
15338,53014,Oregon,6,24468,24,31,20%,F,8.70%
4082,169594,Arizona,6,13685,13,27,23%,F,5.90%
14014,187937,Oregon,1,4483,24,55,20%,F,8.70%
9876,80186,California,7,8157,21,33,35%,F,2.60%
5653,71798,Oregon,7,37303,19,59,20%,M,8.70%
1588,119274,California,8,44291,16,25,35%,F,2.60%
2891,188798,Oregon,7,29574,21,58,20%,F,8.70%
10687,53941,Nevada,6,48546,20,29,25%,F,6.30%
11673,159776,Arizona,3,24464,10,58,23%,M,5.90%
3571,92958,California,5,15505,20,44,35%,M,2.60%
